id,data,categoria,severidade,status,valor_prejuizo,regiao,lat,lon,usuarios_afetados,sistema,setor,duracao_horas,tentativas,ip_origem
1,2024-07-12 02:37:00,Phishing,Crítico,Resolvido,93317.88,Sul,-27.5628,-51.685,1792,Network,Indústria,6.3,288,192.214.112.115
2,2023-06-09 06:48:00,Brute Force,Baixo,Resolvido,4560.77,Sul,-24.2112,-50.2585,793,ERP,Indústria,13.9,136,192.235.63.250
3,2023-07-16 22:04:00,Zero-Day,Crítico,Resolvido,32809.79,Centro-Oeste,-13.4873,-48.7302,2371,Cloud,Saúde,55.4,233,192.189.181.54
4,2023-09-08 05:29:00,Brute Force,Médio,Em Andamento,42214.08,Sudeste,-22.2452,-45.1732,2657,Cloud,Saúde,13.0,109,192.255.202.227
5,2024-03-14 18:25:00,Insider Threat,Crítico,Resolvido,25321.7,Centro-Oeste,-15.5661,-46.4179,386,Mobile,Varejo,41.7,82,192.32.197.98
6,2024-07-03 08:49:00,Insider Threat,Médio,Escalado,30534.86,Sudeste,-21.8183,-45.5127,3562,Database,Varejo,78.2,498,192.54.152.216
7,2024-06-27 00:38:00,Credential Stuffing,Médio,Resolvido,59040.6,Sul,-25.1637,-47.6282,475,Web,Indústria,7.2,41,192.248.35.251
8,2024-06-24 19:27:00,Credential Stuffing,Médio,Resolvido,119901.94,Norte,-0.4189,-62.0092,2554,SCADA,Varejo,11.8,192,192.231.61.64
9,2023-03-14 22:40:00,SQL Injection,Crítico,Resolvido,26075.25,Centro-Oeste,-17.4193,-49.5787,4212,Database,Indústria,5.2,110,192.242.124.201
10,2024-02-25 14:55:00,Insider Threat,Baixo,Resolvido,27995.17,Sudeste,-21.9461,-44.0742,807,Network,Varejo,35.8,99,192.229.71.109
11,2024-07-17 03:03:00,DDoS,Alto,Resolvido,87108.61,Sudeste,-23.2412,-41.0319,121,SCADA,Saúde,41.2,249,192.205.30.43
12,2024-07-23 21:45:00,Zero-Day,Crítico,Resolvido,106464.54,Norte,-4.3885,-58.8205,1784,ERP,Varejo,26.8,30,192.244.80.15
13,2024-02-18 03:56:00,Credential Stuffing,Crítico,Resolvido,154828.88,Centro-Oeste,-18.3922,-45.7291,326,Cloud,Educação,28.6,299,192.104.160.62
14,2023-03-16 00:29:00,Brute Force,Alto,Em Andamento,77955.99,Nordeste,-8.3567,-32.3259,820,Database,Educação,7.9,136,192.35.125.95
15,2024-10-31 16:00:00,Brute Force,Alto,Pendente,95703.76,Nordeste,-7.4299,-31.9766,849,Network,Indústria,22.8,310,192.175.104.176
16,2023-10-11 01:00:00,Brute Force,Médio,Resolvido,14850.41,Sudeste,-25.3462,-43.6585,2146,Mobile,Varejo,7.1,362,192.4.57.20
17,2023-02-12 09:23:00,DDoS,Médio,Pendente,9943.79,Centro-Oeste,-15.4848,-48.3213,843,Mobile,Varejo,11.4,448,192.79.121.222
18,2023-12-07 13:51:00,DDoS,Baixo,Pendente,24741.2,Norte,-5.9513,-58.5806,2033,Mobile,Telecomunicações,3.1,56,192.19.240.57
19,2023-08-17 00:42:00,SQL Injection,Baixo,Resolvido,2580.09,Nordeste,-6.1768,-32.6721,569,Mobile,Indústria,61.0,329,192.169.14.30
20,2023-12-20 23:50:00,Brute Force,Alto,Escalado,16632.31,Nordeste,-10.8705,-34.3206,4190,Network,Educação,16.0,413,192.220.35.243
21,2023-11-13 21:26:00,Man-in-the-Middle,Médio,Em Andamento,6756.39,Sudeste,-21.5815,-44.3981,4542,Mobile,Indústria,6.7,482,192.89.154.104
22,2024-11-01 10:29:00,Credential Stuffing,Baixo,Resolvido,4566.82,Sul,-25.8207,-48.8201,4188,Database,Indústria,12.6,408,192.43.145.132
23,2023-07-23 04:01:00,Man-in-the-Middle,Crítico,Escalado,296234.18,Sul,-24.3632,-50.9522,3731,Mobile,Governo,13.5,100,192.204.124.38
24,2024-12-13 16:29:00,Ransomware,Baixo,Pendente,1925.16,Sudeste,-21.2295,-44.887,995,Cloud,Telecomunicações,13.8,342,192.226.218.213
25,2024-10-14 08:49:00,Credential Stuffing,Alto,Resolvido,133551.41,Norte,-3.3996,-58.4893,1960,Network,Educação,13.2,147,192.171.163.229
26,2023-03-07 13:26:00,Credential Stuffing,Crítico,Resolvido,57386.14,Norte,-1.9363,-58.7615,511,ERP,Telecomunicações,8.4,464,192.194.244.2
27,2024-09-09 07:31:00,Man-in-the-Middle,Alto,Resolvido,15824.54,Norte,-2.8707,-58.5922,238,Mobile,Indústria,11.3,409,192.84.239.236
28,2023-03-27 20:27:00,DDoS,Baixo,Resolvido,1640.62,Norte,-2.5486,-59.022,412,Cloud,Educação,10.9,233,192.194.142.193
29,2023-12-25 07:41:00,Zero-Day,Alto,Resolvido,1732.25,Sudeste,-21.4059,-45.8875,1249,Network,Governo,8.6,59,192.131.188.43
30,2023-11-16 18:43:00,Phishing,Médio,Resolvido,84509.76,Nordeste,-10.4514,-37.7459,1625,E-mail,Telecomunicações,25.6,396,192.61.21.89
31,2024-03-06 15:06:00,Credential Stuffing,Alto,Resolvido,35546.04,Centro-Oeste,-14.9147,-50.8241,3767,E-mail,Varejo,37.7,376,192.247.238.112
32,2024-04-20 18:39:00,Brute Force,Alto,Resolvido,74228.41,Sudeste,-24.2264,-43.4952,4050,Cloud,Telecomunicações,41.9,109,192.132.174.72
33,2024-05-15 17:48:00,Brute Force,Médio,Resolvido,7939.71,Sul,-27.8863,-47.9796,4021,Network,Governo,18.3,151,192.124.156.170
34,2023-12-27 22:29:00,Man-in-the-Middle,Médio,Resolvido,11731.38,Norte,-0.1202,-59.6977,989,Database,Saúde,35.0,381,192.110.247.71
35,2023-11-06 00:45:00,Credential Stuffing,Médio,Escalado,24266.07,Sul,-26.6225,-50.1347,447,SCADA,Financeiro,27.2,65,192.6.145.121
36,2023-04-27 02:25:00,Insider Threat,Alto,Resolvido,42318.42,Sudeste,-24.3851,-41.0297,440,Network,Telecomunicações,7.6,214,192.194.230.233
37,2024-09-16 23:06:00,Insider Threat,Alto,Em Andamento,7640.78,Norte,-4.2677,-59.2738,1287,ERP,Governo,7.4,81,192.230.240.75
38,2023-09-28 20:37:00,Ransomware,Alto,Em Andamento,31406.38,Norte,-5.6729,-61.5995,1221,E-mail,Governo,5.4,292,192.63.239.177
39,2024-09-04 01:56:00,Brute Force,Médio,Escalado,17917.24,Centro-Oeste,-15.5601,-48.2734,2052,ERP,Telecomunicações,171.4,301,192.137.20.196
40,2024-10-12 15:05:00,DDoS,Médio,Em Andamento,19843.9,Nordeste,-10.0111,-34.388,2631,Mobile,Indústria,156.3,169,192.253.147.170
41,2023-04-29 12:55:00,Zero-Day,Baixo,Em Andamento,82882.64,Norte,-5.5716,-61.4856,4445,Cloud,Varejo,18.7,266,192.255.226.195
42,2023-05-05 00:40:00,Ransomware,Alto,Resolvido,59146.85,Nordeste,-8.4713,-33.7105,1298,Web,Governo,16.4,431,192.60.78.128
43,2024-07-18 04:24:00,Brute Force,Médio,Resolvido,4492.54,Norte,-0.2185,-61.5376,1119,Mobile,Educação,47.6,405,192.136.1.73
44,2024-05-10 11:21:00,Brute Force,Baixo,Em Andamento,8350.85,Norte,-0.9084,-60.3207,3731,ERP,Educação,5.0,211,192.242.195.99
45,2023-04-13 14:06:00,DDoS,Médio,Resolvido,24303.44,Centro-Oeste,-13.0079,-48.908,1181,Web,Governo,12.8,80,192.135.173.160
46,2024-05-14 17:02:00,Zero-Day,Médio,Pendente,30211.9,Centro-Oeste,-16.5199,-49.0,2355,Web,Governo,17.7,325,192.85.153.232
47,2023-09-08 16:26:00,Ransomware,Crítico,Pendente,211838.57,Nordeste,-8.9492,-35.3159,1393,Network,Governo,4.8,196,192.73.118.119
48,2023-06-11 02:28:00,Brute Force,Médio,Em Andamento,45310.89,Norte,-0.6927,-58.9343,2475,Web,Saúde,8.7,248,192.195.183.148
49,2024-12-03 23:03:00,Brute Force,Baixo,Resolvido,13812.76,Norte,-4.4531,-59.6044,2887,Database,Indústria,11.1,129,192.49.20.80
50,2024-03-01 05:12:00,Insider Threat,Crítico,Resolvido,21276.6,Sul,-27.8592,-50.5293,2998,Database,Educação,37.0,426,192.246.151.192
51,2024-11-23 23:43:00,Man-in-the-Middle,Baixo,Resolvido,17759.74,Sudeste,-25.0555,-40.401,3233,E-mail,Varejo,15.8,345,192.195.190.28
52,2024-10-25 02:40:00,SQL Injection,Médio,Em Andamento,11067.72,Centro-Oeste,-16.832,-47.2395,1146,SCADA,Educação,7.5,199,192.214.79.227
53,2023-02-03 22:23:00,Zero-Day,Médio,Pendente,7722.22,Centro-Oeste,-16.3513,-45.1909,1935,Cloud,Financeiro,40.4,331,192.203.141.49
54,2024-09-03 00:03:00,Phishing,Baixo,Pendente,14422.45,Sudeste,-21.9234,-42.3498,1032,Network,Varejo,37.3,425,192.110.119.85
55,2023-05-14 17:16:00,DDoS,Médio,Em Andamento,43933.24,Nordeste,-5.9496,-37.0319,212,Network,Varejo,7.5,404,192.165.8.45
56,2024-04-04 11:32:00,Brute Force,Crítico,Em Andamento,156578.06,Centro-Oeste,-18.1181,-50.5187,1815,ERP,Financeiro,21.5,494,192.245.205.110
57,2023-06-01 02:08:00,Phishing,Médio,Escalado,6233.67,Sudeste,-20.5044,-44.2673,4493,E-mail,Governo,36.2,306,192.220.50.204
58,2024-04-07 07:26:00,Phishing,Baixo,Em Andamento,3602.18,Centro-Oeste,-14.475,-49.6099,3408,E-mail,Educação,35.6,161,192.78.242.18
59,2023-05-14 17:03:00,Phishing,Baixo,Resolvido,9917.3,Sudeste,-21.4325,-43.9641,2701,Mobile,Telecomunicações,33.0,448,192.26.147.154
60,2023-04-21 11:54:00,Brute Force,Alto,Em Andamento,50212.11,Sul,-27.4716,-49.4069,2283,ERP,Varejo,38.8,433,192.136.14.47
61,2023-05-27 18:42:00,Brute Force,Médio,Resolvido,17361.02,Nordeste,-8.9939,-36.8116,252,Mobile,Governo,4.5,193,192.174.80.95
62,2023-06-09 05:48:00,Brute Force,Médio,Pendente,46353.69,Centro-Oeste,-15.2227,-45.5999,2230,SCADA,Governo,17.0,311,192.139.110.194
63,2024-06-23 21:19:00,Credential Stuffing,Crítico,Resolvido,23434.3,Nordeste,-7.0307,-34.3412,4910,ERP,Governo,38.0,62,192.220.89.34
64,2023-03-15 12:55:00,Zero-Day,Médio,Resolvido,53306.27,Centro-Oeste,-13.7999,-46.0628,3767,Mobile,Educação,27.2,364,192.58.207.6
65,2023-04-01 13:54:00,Man-in-the-Middle,Alto,Escalado,10460.37,Norte,-1.1078,-57.4814,3281,Cloud,Saúde,21.5,159,192.170.86.20
66,2024-10-22 04:15:00,Credential Stuffing,Médio,Resolvido,7339.42,Sul,-22.9645,-50.2037,1422,Web,Saúde,41.8,336,192.252.237.194
67,2023-11-20 04:28:00,Insider Threat,Médio,Pendente,4476.88,Centro-Oeste,-16.8608,-45.0742,2481,Web,Educação,69.7,181,192.236.231.10
68,2024-04-18 18:35:00,Ransomware,Alto,Resolvido,52831.84,Sudeste,-22.2099,-43.1576,4957,SCADA,Financeiro,19.1,32,192.175.43.130
69,2024-01-08 11:58:00,DDoS,Crítico,Em Andamento,51714.06,Norte,-2.9556,-59.3412,2772,Cloud,Financeiro,27.8,324,192.168.48.143
70,2024-08-19 21:09:00,Zero-Day,Alto,Em Andamento,152808.23,Centro-Oeste,-13.5603,-48.8998,3211,E-mail,Varejo,2.3,44,192.192.168.209
71,2024-06-04 11:01:00,DDoS,Médio,Pendente,15598.61,Centro-Oeste,-18.2393,-46.8773,1755,Network,Saúde,6.3,99,192.79.39.76
72,2024-09-24 04:38:00,Phishing,Médio,Resolvido,16269.71,Centro-Oeste,-18.5735,-48.8794,1357,Network,Governo,29.9,187,192.145.229.60
73,2024-11-25 18:28:00,Credential Stuffing,Alto,Escalado,39470.62,Norte,-0.6762,-61.8359,3129,Network,Telecomunicações,20.3,83,192.70.128.14
74,2023-05-08 09:05:00,Insider Threat,Baixo,Em Andamento,13917.14,Sudeste,-21.6316,-43.1045,4206,Network,Telecomunicações,6.9,485,192.230.178.239
75,2024-01-19 07:01:00,Ransomware,Alto,Resolvido,29109.92,Nordeste,-9.6853,-31.9328,2747,SCADA,Indústria,35.9,147,192.71.240.115
76,2024-09-15 16:27:00,Ransomware,Baixo,Resolvido,2146.68,Sul,-23.3902,-49.0072,2468,SCADA,Financeiro,8.6,328,192.56.255.153
77,2023-01-02 19:22:00,Credential Stuffing,Crítico,Resolvido,44091.5,Sul,-24.0887,-50.5524,702,ERP,Governo,21.4,489,192.240.22.163
78,2023-09-04 23:42:00,Zero-Day,Baixo,Resolvido,20984.6,Sudeste,-23.7574,-45.7946,2724,Database,Telecomunicações,7.6,174,192.237.245.162
79,2023-07-24 01:20:00,DDoS,Baixo,Resolvido,41646.46,Norte,-5.8781,-61.7905,4449,Network,Educação,19.2,332,192.182.24.222
80,2024-01-31 10:11:00,Man-in-the-Middle,Alto,Pendente,43372.98,Norte,-0.7631,-58.5402,4254,Web,Governo,13.0,218,192.92.150.83
81,2023-06-20 22:28:00,Phishing,Crítico,Em Andamento,80042.33,Nordeste,-8.4245,-33.594,2889,ERP,Financeiro,28.5,328,192.207.186.132
82,2023-05-10 02:15:00,DDoS,Baixo,Resolvido,16331.5,Centro-Oeste,-14.7315,-48.271,3137,Cloud,Governo,6.8,190,192.39.70.136
83,2023-07-10 15:33:00,Man-in-the-Middle,Alto,Em Andamento,25909.78,Sul,-22.6369,-52.1445,2145,E-mail,Indústria,98.9,110,192.251.102.32
84,2023-11-24 21:22:00,DDoS,Baixo,Resolvido,17233.57,Norte,-0.1164,-58.1369,2379,Network,Financeiro,63.1,261,192.102.71.61
85,2023-05-13 19:56:00,Insider Threat,Crítico,Em Andamento,32085.79,Nordeste,-8.2956,-32.0019,3922,Web,Saúde,24.3,422,192.162.37.116
86,2023-05-13 13:32:00,Insider Threat,Médio,Resolvido,8835.27,Centro-Oeste,-14.9612,-49.8082,1349,E-mail,Saúde,21.0,41,192.140.64.161
87,2023-06-25 21:39:00,Brute Force,Médio,Resolvido,69583.51,Sul,-24.8491,-48.8161,4618,Mobile,Varejo,37.8,108,192.15.254.228
88,2024-02-20 09:29:00,Credential Stuffing,Alto,Escalado,34616.3,Norte,-4.6307,-58.1559,1672,Cloud,Indústria,14.6,442,192.176.204.34
89,2023-09-11 04:06:00,Man-in-the-Middle,Médio,Resolvido,79890.16,Sul,-25.6012,-50.6952,1309,SCADA,Varejo,32.1,82,192.239.255.226
90,2023-08-09 18:22:00,Brute Force,Médio,Resolvido,6045.58,Norte,-3.0673,-57.1999,4895,E-mail,Varejo,133.9,241,192.4.55.111
91,2024-08-06 17:12:00,DDoS,Baixo,Em Andamento,4439.07,Norte,-3.9044,-60.5965,3165,Web,Saúde,20.7,144,192.49.201.96
92,2024-05-27 01:02:00,Man-in-the-Middle,Médio,Resolvido,80970.88,Sul,-27.2057,-49.2453,1221,Cloud,Saúde,29.3,168,192.201.153.152
93,2023-01-18 11:21:00,Man-in-the-Middle,Médio,Resolvido,51421.09,Norte,-1.8476,-61.2013,219,Network,Indústria,25.2,336,192.26.245.44
94,2023-02-02 18:44:00,Credential Stuffing,Médio,Em Andamento,14016.87,Norte,-5.2133,-58.9156,1671,SCADA,Telecomunicações,10.1,472,192.31.70.133
95,2023-06-27 14:58:00,SQL Injection,Médio,Escalado,25598.86,Norte,-2.9471,-61.1175,2166,E-mail,Varejo,25.4,127,192.152.115.242
96,2023-10-08 09:07:00,Brute Force,Médio,Em Andamento,30672.66,Norte,-4.1978,-60.9072,3233,Web,Educação,42.0,148,192.226.131.192
97,2023-05-21 03:39:00,Insider Threat,Alto,Pendente,84545.03,Nordeste,-5.5019,-33.723,416,Network,Financeiro,37.4,327,192.51.211.85
98,2023-06-11 13:41:00,Insider Threat,Crítico,Pendente,103927.19,Sudeste,-20.1129,-40.3325,2354,Web,Indústria,8.4,465,192.118.19.234
99,2024-05-22 05:59:00,DDoS,Alto,Pendente,28081.51,Sudeste,-19.917,-43.818,2445,E-mail,Governo,22.9,172,192.252.68.218
100,2024-10-25 08:45:00,Credential Stuffing,Médio,Resolvido,1895.59,Sudeste,-23.9159,-41.8133,2417,Mobile,Telecomunicações,32.4,90,192.218.167.23
101,2023-01-07 08:24:00,Zero-Day,Médio,Resolvido,2413.7,Sul,-25.5353,-46.685,2701,E-mail,Indústria,5.9,6,192.184.120.16
102,2023-11-15 22:07:00,Phishing,Médio,Resolvido,15522.27,Centro-Oeste,-13.2614,-45.5732,1095,Cloud,Governo,18.8,311,192.241.111.196
103,2024-01-06 02:58:00,SQL Injection,Médio,Em Andamento,25356.62,Sudeste,-22.747,-43.031,4487,Database,Saúde,47.8,275,192.167.226.30
104,2023-05-16 16:26:00,SQL Injection,Médio,Resolvido,20042.58,Centro-Oeste,-16.1271,-50.5662,3788,Mobile,Educação,30.8,12,192.1.111.149
105,2023-03-12 15:02:00,Phishing,Crítico,Resolvido,64533.21,Sudeste,-22.653,-45.8385,1110,Mobile,Governo,30.9,457,192.193.192.21
106,2024-06-25 04:46:00,Credential Stuffing,Crítico,Pendente,83978.01,Sudeste,-24.8292,-42.9764,3475,SCADA,Educação,27.4,127,192.79.141.49
107,2023-01-17 07:13:00,Phishing,Crítico,Em Andamento,12279.39,Centro-Oeste,-14.2037,-45.5975,3658,Network,Indústria,35.4,25,192.22.205.113
108,2023-08-28 23:36:00,SQL Injection,Médio,Pendente,8714.99,Sudeste,-25.0592,-40.2391,2627,Database,Indústria,16.4,286,192.218.253.13
109,2023-06-02 09:24:00,Man-in-the-Middle,Baixo,Em Andamento,1615.88,Centro-Oeste,-16.8876,-48.4021,1975,Database,Telecomunicações,47.3,363,192.237.29.144
110,2023-12-05 20:05:00,Zero-Day,Baixo,Em Andamento,2765.58,Sul,-26.0695,-50.77,4956,Network,Governo,81.2,97,192.106.170.78
111,2023-09-06 22:38:00,Ransomware,Alto,Resolvido,88290.34,Sudeste,-21.4187,-41.674,1961,SCADA,Varejo,29.9,195,192.183.157.67
112,2023-11-24 06:23:00,Man-in-the-Middle,Médio,Resolvido,14712.1,Sudeste,-21.0831,-41.8655,1813,Mobile,Educação,25.0,369,192.78.100.85
113,2023-12-12 08:48:00,SQL Injection,Alto,Pendente,78101.98,Norte,-2.7961,-57.3392,1379,SCADA,Saúde,37.2,72,192.30.17.215
114,2023-08-25 02:45:00,Phishing,Baixo,Em Andamento,2634.66,Sudeste,-23.4256,-41.1447,3736,SCADA,Indústria,11.4,342,192.249.8.2
115,2023-10-21 00:32:00,Credential Stuffing,Médio,Resolvido,159170.83,Centro-Oeste,-14.4668,-47.6856,1469,E-mail,Telecomunicações,9.5,270,192.181.136.204
116,2023-08-20 09:43:00,Zero-Day,Crítico,Escalado,21771.58,Norte,-2.71,-57.0586,3090,Database,Financeiro,22.1,5,192.255.222.166
117,2023-08-24 06:57:00,Man-in-the-Middle,Médio,Pendente,20891.57,Sudeste,-20.5313,-40.6851,610,ERP,Saúde,31.2,279,192.161.8.247
118,2024-07-31 07:36:00,SQL Injection,Médio,Pendente,68038.04,Norte,-0.5268,-61.2043,4429,Web,Varejo,6.2,72,192.177.27.26
119,2024-02-11 10:01:00,Zero-Day,Alto,Resolvido,157749.81,Centro-Oeste,-14.186,-45.1708,3691,Mobile,Governo,19.6,482,192.95.194.22
120,2024-10-11 04:47:00,Brute Force,Médio,Em Andamento,15437.7,Sudeste,-24.2922,-43.92,750,Web,Saúde,14.5,68,192.220.229.143
121,2024-09-04 10:55:00,Credential Stuffing,Médio,Resolvido,15778.15,Sudeste,-23.7765,-45.6416,3177,Network,Varejo,114.5,287,192.86.194.44
122,2024-03-07 09:30:00,DDoS,Alto,Resolvido,109532.62,Sul,-28.0204,-49.6919,2021,Network,Governo,42.6,316,192.54.69.78
123,2024-03-26 10:27:00,Ransomware,Baixo,Resolvido,2692.07,Centro-Oeste,-16.5207,-45.7268,3263,SCADA,Varejo,62.5,356,192.124.166.97
124,2024-07-12 05:43:00,Brute Force,Baixo,Resolvido,344.32,Sudeste,-20.3076,-45.0012,567,E-mail,Saúde,14.7,325,192.129.78.184
125,2024-06-02 22:26:00,Zero-Day,Médio,Resolvido,33837.62,Centro-Oeste,-15.9246,-48.4952,2946,Web,Financeiro,126.8,305,192.127.181.43
126,2024-03-16 03:00:00,Ransomware,Médio,Em Andamento,7615.1,Norte,-0.2991,-61.0104,4250,SCADA,Educação,27.6,114,192.200.237.198
127,2023-03-29 03:53:00,Credential Stuffing,Alto,Escalado,21637.11,Norte,-5.4727,-60.5041,1695,SCADA,Indústria,21.2,50,192.231.163.18
128,2024-11-24 05:59:00,Brute Force,Crítico,Em Andamento,49586.5,Sudeste,-20.8049,-42.3122,4587,Mobile,Indústria,15.9,409,192.94.95.164
129,2023-01-05 22:13:00,Zero-Day,Alto,Em Andamento,3818.73,Sul,-25.7025,-49.7227,513,Database,Educação,38.9,275,192.166.100.118
130,2024-02-02 19:25:00,Phishing,Alto,Pendente,57978.37,Centro-Oeste,-13.0045,-49.0196,3751,E-mail,Varejo,59.2,362,192.43.68.81
131,2024-03-04 19:08:00,Phishing,Alto,Resolvido,57529.88,Nordeste,-6.9394,-34.8351,3987,Database,Varejo,42.9,331,192.85.250.74
132,2023-01-10 15:08:00,DDoS,Alto,Pendente,15904.83,Centro-Oeste,-18.4783,-48.7458,4601,SCADA,Governo,20.5,351,192.227.250.43
133,2024-07-04 09:10:00,Phishing,Médio,Pendente,83332.17,Sul,-26.6475,-50.6509,4058,E-mail,Telecomunicações,22.1,59,192.187.21.195
134,2023-09-11 09:55:00,Insider Threat,Médio,Escalado,4020.29,Sudeste,-21.4841,-42.278,3597,Cloud,Telecomunicações,39.5,378,192.219.84.158
135,2024-09-03 17:10:00,DDoS,Médio,Pendente,6459.56,Sudeste,-22.4796,-43.0063,2371,Web,Saúde,276.2,264,192.210.30.71
136,2024-11-23 12:31:00,DDoS,Médio,Resolvido,2969.29,Sul,-24.1316,-47.3291,3394,Web,Governo,15.9,407,192.142.188.117
137,2024-11-11 22:22:00,Insider Threat,Alto,Resolvido,165486.03,Sudeste,-21.5144,-43.4493,2645,Database,Varejo,47.0,296,192.248.175.229
138,2023-06-11 14:29:00,Ransomware,Crítico,Em Andamento,15391.11,Norte,-6.0023,-57.4234,1081,E-mail,Financeiro,51.4,448,192.184.128.22
139,2024-12-17 07:27:00,Man-in-the-Middle,Médio,Em Andamento,64878.61,Sudeste,-23.522,-44.3669,9,Network,Varejo,11.8,304,192.227.4.3
140,2023-08-23 12:05:00,Man-in-the-Middle,Baixo,Escalado,11218.24,Norte,-1.9358,-60.1338,2567,Database,Indústria,14.5,196,192.73.35.136
141,2023-06-05 13:39:00,Ransomware,Médio,Resolvido,342022.75,Nordeste,-6.7654,-34.1315,711,Database,Saúde,12.9,406,192.141.43.64
142,2024-11-05 09:13:00,Credential Stuffing,Médio,Em Andamento,23730.03,Nordeste,-6.4262,-33.7571,3210,Network,Governo,13.9,460,192.197.57.62
143,2023-05-16 12:55:00,Insider Threat,Médio,Resolvido,73492.22,Sudeste,-19.9787,-40.5965,4476,Web,Financeiro,75.4,489,192.34.7.68
144,2024-05-28 13:27:00,SQL Injection,Crítico,Resolvido,173201.91,Norte,-3.0603,-59.2286,4396,E-mail,Financeiro,21.7,43,192.104.79.138
145,2023-09-02 01:15:00,Man-in-the-Middle,Alto,Em Andamento,9767.83,Sudeste,-24.039,-43.5751,3715,Database,Financeiro,24.6,342,192.6.70.180
146,2023-09-23 05:23:00,Ransomware,Alto,Escalado,104983.81,Centro-Oeste,-15.6967,-45.965,524,Cloud,Financeiro,31.0,262,192.255.85.95
147,2024-06-05 00:02:00,DDoS,Alto,Resolvido,10133.62,Centro-Oeste,-14.7553,-50.208,1230,Cloud,Saúde,58.3,115,192.213.163.70
148,2023-02-17 12:04:00,Phishing,Médio,Resolvido,49856.42,Sudeste,-24.8239,-41.374,708,E-mail,Varejo,22.0,103,192.155.124.119
149,2023-09-09 04:00:00,Man-in-the-Middle,Médio,Resolvido,27859.38,Sul,-24.0052,-49.0206,79,E-mail,Financeiro,120.0,373,192.105.121.108
150,2023-08-26 16:26:00,Insider Threat,Baixo,Escalado,12771.04,Sul,-24.1301,-51.7418,696,Mobile,Financeiro,26.6,327,192.31.222.170
151,2023-12-01 10:28:00,DDoS,Alto,Resolvido,26523.73,Nordeste,-5.5437,-35.5423,1661,Cloud,Telecomunicações,17.7,62,192.106.231.79
152,2024-12-22 22:38:00,Insider Threat,Alto,Resolvido,29823.62,Sul,-23.5544,-50.4747,2034,E-mail,Educação,76.0,26,192.89.15.244
153,2023-05-24 03:00:00,Zero-Day,Baixo,Em Andamento,3239.12,Centro-Oeste,-17.3009,-48.1277,3282,Web,Varejo,11.1,331,192.132.38.6
154,2023-12-06 03:02:00,Phishing,Alto,Em Andamento,205558.68,Sul,-27.8481,-47.2163,3236,Database,Educação,19.9,219,192.109.95.71
155,2023-10-30 15:26:00,Brute Force,Alto,Resolvido,199928.36,Centro-Oeste,-15.0849,-49.4253,719,Network,Indústria,13.0,103,192.9.195.201
156,2024-02-02 08:11:00,Man-in-the-Middle,Médio,Pendente,2086.25,Nordeste,-5.6239,-34.8856,3865,Database,Financeiro,24.9,120,192.126.123.69
157,2024-08-12 12:22:00,Credential Stuffing,Baixo,Escalado,2741.32,Sudeste,-21.3157,-40.5132,2606,ERP,Indústria,114.1,468,192.180.72.145
158,2023-02-08 02:03:00,SQL Injection,Baixo,Pendente,3266.33,Norte,-2.8473,-61.9467,4313,Network,Telecomunicações,19.0,315,192.66.174.184
159,2024-12-22 04:49:00,DDoS,Baixo,Pendente,1218.24,Nordeste,-10.7427,-37.0137,2990,Mobile,Varejo,70.9,483,192.51.172.78
160,2024-10-26 10:11:00,Man-in-the-Middle,Crítico,Resolvido,291607.2,Norte,-1.3489,-57.236,2924,Mobile,Educação,6.3,90,192.150.65.46
161,2024-08-04 01:11:00,Ransomware,Baixo,Escalado,95361.38,Norte,-0.9955,-58.375,1810,Database,Educação,26.2,255,192.39.121.89
162,2023-12-10 14:00:00,Man-in-the-Middle,Alto,Pendente,23134.64,Sudeste,-20.97,-42.1799,556,ERP,Financeiro,6.0,369,192.197.224.188
163,2024-01-20 03:53:00,Zero-Day,Baixo,Pendente,4843.73,Norte,-0.8094,-60.8926,1848,E-mail,Financeiro,46.6,164,192.37.175.44
164,2024-05-09 22:01:00,Zero-Day,Alto,Resolvido,29288.92,Sudeste,-23.8723,-40.2883,4976,Cloud,Saúde,44.4,52,192.97.209.179
165,2023-04-09 01:25:00,Credential Stuffing,Médio,Em Andamento,55413.82,Nordeste,-7.1364,-36.1156,1259,ERP,Saúde,30.4,50,192.87.149.251
166,2023-09-29 02:41:00,Phishing,Médio,Resolvido,24623.17,Norte,-3.2743,-57.6307,3125,SCADA,Governo,13.4,135,192.134.115.215
167,2024-07-08 13:48:00,Brute Force,Médio,Resolvido,33315.81,Sudeste,-25.3858,-44.1373,3172,SCADA,Varejo,51.4,275,192.120.243.77
168,2024-08-08 21:39:00,Phishing,Alto,Pendente,5617.46,Sudeste,-22.8874,-40.7973,1370,Mobile,Saúde,6.6,350,192.75.132.82
169,2024-04-14 00:50:00,Phishing,Crítico,Em Andamento,299480.45,Centro-Oeste,-16.8432,-49.2428,3438,Web,Financeiro,9.2,291,192.51.146.223
170,2024-09-15 15:02:00,Credential Stuffing,Baixo,Pendente,2133.94,Nordeste,-8.8017,-34.9865,4987,Cloud,Indústria,33.7,203,192.121.25.191
171,2023-11-15 08:53:00,Insider Threat,Baixo,Pendente,6243.15,Sudeste,-23.8728,-41.4381,805,Cloud,Educação,5.3,397,192.213.45.49
172,2023-02-27 16:50:00,Insider Threat,Alto,Pendente,15899.19,Norte,-1.543,-57.7969,4152,ERP,Saúde,9.4,269,192.98.102.215
173,2024-04-20 16:25:00,Ransomware,Alto,Resolvido,60555.72,Nordeste,-6.8722,-36.2561,251,Database,Telecomunicações,8.4,229,192.242.179.89
174,2023-06-16 18:49:00,DDoS,Baixo,Resolvido,16939.03,Sudeste,-24.1896,-43.8806,2205,ERP,Governo,34.3,443,192.67.88.154
175,2023-10-09 13:57:00,Ransomware,Alto,Em Andamento,29813.14,Nordeste,-6.8236,-33.6438,2065,Mobile,Varejo,10.0,267,192.52.3.131
176,2023-03-07 10:17:00,Man-in-the-Middle,Médio,Em Andamento,178018.44,Nordeste,-9.3091,-37.2514,2140,Network,Financeiro,27.7,265,192.206.163.175
177,2024-02-02 23:02:00,DDoS,Médio,Em Andamento,59304.9,Nordeste,-9.5434,-35.3886,1822,Cloud,Varejo,48.6,244,192.153.87.216
178,2024-07-26 05:43:00,Credential Stuffing,Alto,Resolvido,476216.53,Sul,-23.9545,-47.9489,1821,Mobile,Telecomunicações,7.6,158,192.169.190.67
179,2024-09-27 02:30:00,Brute Force,Médio,Resolvido,109634.04,Sudeste,-20.7016,-42.6986,3127,Database,Saúde,21.9,446,192.102.175.105
180,2024-10-08 05:20:00,Insider Threat,Crítico,Pendente,15632.93,Sul,-23.7264,-49.3745,1382,Web,Saúde,23.5,403,192.222.219.104
181,2023-01-15 10:48:00,Zero-Day,Baixo,Resolvido,15421.82,Sudeste,-22.6973,-41.816,34,Cloud,Educação,26.8,356,192.66.52.99
182,2024-06-16 19:33:00,Credential Stuffing,Médio,Resolvido,1118.78,Sudeste,-24.1108,-44.455,1097,Network,Saúde,1.3,184,192.206.9.59
183,2024-01-11 22:41:00,SQL Injection,Médio,Resolvido,57670.94,Sudeste,-22.3618,-45.1861,2096,ERP,Indústria,69.0,305,192.55.10.13
184,2023-07-30 22:43:00,Phishing,Alto,Resolvido,64666.12,Centro-Oeste,-17.2836,-46.6888,828,Database,Governo,29.4,311,192.53.60.73
185,2024-06-19 06:22:00,Phishing,Médio,Resolvido,39908.36,Centro-Oeste,-17.6015,-49.322,323,SCADA,Educação,50.5,353,192.120.1.4
186,2024-06-07 02:46:00,Phishing,Baixo,Pendente,11418.49,Norte,-5.2051,-62.4595,2426,Database,Telecomunicações,13.1,417,192.20.148.93
187,2024-10-24 05:21:00,Man-in-the-Middle,Alto,Resolvido,26148.0,Sudeste,-25.842,-45.3696,2198,Mobile,Governo,38.9,206,192.139.197.177
188,2023-03-02 05:06:00,Insider Threat,Médio,Em Andamento,14437.69,Sul,-27.7217,-48.123,4661,Cloud,Varejo,29.2,195,192.14.66.124
189,2023-01-13 22:55:00,Insider Threat,Crítico,Resolvido,532359.95,Sudeste,-25.52,-42.2702,4724,Cloud,Varejo,32.9,490,192.48.221.170
190,2024-09-19 01:00:00,SQL Injection,Médio,Em Andamento,31261.86,Norte,-5.2081,-58.0414,3845,Cloud,Educação,4.8,124,192.25.114.141
191,2023-04-01 15:28:00,Zero-Day,Alto,Resolvido,35845.65,Norte,-3.4349,-59.5618,4499,Network,Indústria,32.1,156,192.233.174.94
192,2024-04-29 22:42:00,Ransomware,Baixo,Pendente,3952.0,Nordeste,-7.7391,-34.1815,799,Cloud,Telecomunicações,35.6,175,192.149.191.180
193,2024-02-24 03:16:00,Phishing,Crítico,Resolvido,145847.72,Sul,-23.469,-47.8449,3219,Mobile,Financeiro,9.0,388,192.63.230.118
194,2024-03-19 18:30:00,Credential Stuffing,Crítico,Resolvido,10161.94,Centro-Oeste,-14.3827,-47.5806,4966,Mobile,Varejo,75.5,197,192.127.140.102
195,2024-06-08 09:53:00,Man-in-the-Middle,Baixo,Resolvido,129826.63,Sul,-27.5709,-48.6849,4535,E-mail,Indústria,26.7,320,192.176.67.252
196,2024-07-29 15:37:00,DDoS,Médio,Em Andamento,34094.71,Nordeste,-6.8379,-33.3353,3420,E-mail,Telecomunicações,335.8,274,192.216.6.134
197,2023-06-14 09:43:00,Phishing,Crítico,Resolvido,4502.53,Sudeste,-24.7006,-41.6989,2418,SCADA,Financeiro,6.6,184,192.114.199.61
198,2024-01-26 12:26:00,Credential Stuffing,Médio,Pendente,9310.28,Nordeste,-6.9424,-37.6181,107,SCADA,Telecomunicações,33.9,445,192.115.188.194
199,2024-11-30 02:11:00,Credential Stuffing,Médio,Resolvido,11872.3,Sul,-26.6349,-51.2354,1319,SCADA,Indústria,24.4,170,192.79.20.40
200,2024-08-09 17:22:00,Man-in-the-Middle,Médio,Pendente,74268.83,Centro-Oeste,-13.7412,-49.0931,4265,Mobile,Financeiro,4.5,213,192.178.113.227
201,2024-06-27 15:35:00,SQL Injection,Médio,Resolvido,6828.27,Nordeste,-9.7893,-33.3841,1998,E-mail,Financeiro,69.6,277,192.191.228.125
202,2023-06-21 17:34:00,Ransomware,Alto,Em Andamento,207288.48,Nordeste,-8.0166,-32.2107,3476,Mobile,Indústria,41.5,425,192.36.78.7
203,2024-07-25 02:36:00,Insider Threat,Médio,Resolvido,15577.19,Sudeste,-25.5744,-41.4347,3314,Web,Varejo,17.9,345,192.3.32.194
204,2023-11-05 19:05:00,Ransomware,Médio,Resolvido,5583.45,Centro-Oeste,-18.1632,-46.1786,253,Mobile,Telecomunicações,18.3,70,192.151.73.77
205,2024-08-09 19:25:00,Man-in-the-Middle,Baixo,Resolvido,27960.03,Centro-Oeste,-17.9518,-50.6494,2497,Cloud,Saúde,2.9,372,192.211.72.42
206,2024-08-03 01:54:00,DDoS,Alto,Pendente,58464.42,Sul,-27.7123,-48.2741,600,Network,Indústria,13.7,51,192.249.169.92
207,2023-11-22 15:28:00,DDoS,Médio,Resolvido,7804.32,Nordeste,-7.3829,-32.4993,4786,Cloud,Governo,5.1,414,192.86.2.81
208,2024-11-26 23:21:00,SQL Injection,Médio,Em Andamento,93736.9,Norte,-4.4399,-60.8431,2939,Database,Indústria,50.3,56,192.41.143.220
209,2024-06-03 20:01:00,DDoS,Baixo,Resolvido,30468.43,Sudeste,-21.5354,-40.8474,4834,Cloud,Governo,24.5,77,192.114.148.35
210,2024-09-20 21:10:00,Insider Threat,Médio,Resolvido,40780.33,Nordeste,-8.087,-33.9239,1305,ERP,Saúde,44.0,184,192.249.118.17
211,2024-02-02 15:58:00,Brute Force,Alto,Resolvido,39943.75,Sul,-25.2927,-47.5512,2655,E-mail,Varejo,27.5,380,192.89.192.168
212,2023-08-17 16:25:00,Zero-Day,Alto,Em Andamento,4464.24,Sudeste,-22.8,-43.942,3989,E-mail,Saúde,17.6,264,192.76.95.41
213,2023-04-27 15:43:00,Man-in-the-Middle,Médio,Pendente,20842.4,Sul,-25.9123,-50.3187,1321,ERP,Saúde,30.8,125,192.82.68.162
214,2024-06-13 12:38:00,Credential Stuffing,Crítico,Em Andamento,25001.01,Sudeste,-24.902,-40.6653,3862,Mobile,Varejo,42.9,426,192.73.93.160
215,2023-03-12 07:24:00,Credential Stuffing,Alto,Em Andamento,33814.24,Nordeste,-5.5659,-34.3208,1658,Mobile,Telecomunicações,30.9,351,192.76.49.46
216,2024-05-08 21:08:00,Insider Threat,Baixo,Em Andamento,39824.49,Centro-Oeste,-15.78,-50.1949,10,ERP,Indústria,34.3,190,192.219.117.241
217,2024-12-14 18:06:00,Insider Threat,Médio,Resolvido,17930.18,Centro-Oeste,-13.9723,-45.4528,1905,Network,Financeiro,29.1,132,192.3.60.134
218,2024-03-12 20:37:00,Ransomware,Alto,Resolvido,34375.06,Nordeste,-8.6469,-37.2605,2258,Mobile,Varejo,81.5,105,192.247.91.95
219,2024-02-12 23:08:00,Credential Stuffing,Médio,Resolvido,188136.8,Nordeste,-7.6341,-33.2548,1883,Web,Saúde,14.8,83,192.205.173.206
220,2023-01-06 02:52:00,Credential Stuffing,Médio,Em Andamento,19107.9,Sudeste,-24.9356,-40.4126,1817,Mobile,Governo,11.4,371,192.146.29.243
221,2024-06-14 09:12:00,DDoS,Médio,Resolvido,22979.79,Sul,-23.2966,-46.7154,1389,ERP,Saúde,32.0,336,192.44.141.200
222,2024-12-21 02:58:00,Zero-Day,Alto,Resolvido,13547.87,Centro-Oeste,-17.5981,-50.8078,4581,E-mail,Saúde,59.9,494,192.99.232.239
223,2024-05-30 09:21:00,Zero-Day,Médio,Resolvido,100353.88,Norte,-3.0626,-59.6482,3628,SCADA,Indústria,135.6,493,192.235.14.124
224,2023-11-20 13:22:00,Phishing,Alto,Resolvido,45590.6,Sul,-24.3385,-50.9204,2158,Cloud,Financeiro,12.5,345,192.91.243.81
225,2023-07-14 15:47:00,Man-in-the-Middle,Alto,Em Andamento,4256.68,Sul,-22.7173,-48.2014,2175,Cloud,Saúde,10.7,128,192.54.61.236
226,2023-02-13 15:23:00,Phishing,Médio,Em Andamento,35929.86,Centro-Oeste,-18.7603,-45.7575,4707,E-mail,Governo,69.6,392,192.113.65.14
227,2024-12-03 05:29:00,Credential Stuffing,Médio,Resolvido,16907.49,Centro-Oeste,-18.6046,-48.8163,97,Cloud,Educação,32.5,52,192.132.95.141
228,2024-03-10 06:26:00,Brute Force,Alto,Resolvido,85086.49,Centro-Oeste,-16.7414,-49.7965,3282,Network,Telecomunicações,12.7,68,192.51.138.206
229,2023-06-03 15:51:00,SQL Injection,Médio,Pendente,3848.05,Sul,-27.5249,-46.5451,1102,SCADA,Educação,22.3,403,192.128.24.102
230,2024-04-05 23:21:00,Phishing,Médio,Resolvido,10166.97,Nordeste,-8.2408,-34.1208,4567,Mobile,Financeiro,54.5,11,192.179.101.148
231,2024-04-02 02:24:00,Credential Stuffing,Alto,Pendente,68152.13,Nordeste,-9.1495,-34.8373,1187,Cloud,Governo,116.5,476,192.207.36.21
232,2024-02-09 08:56:00,DDoS,Alto,Resolvido,19270.48,Nordeste,-6.8374,-34.2677,2976,Mobile,Saúde,48.8,231,192.94.11.33
233,2023-04-08 02:59:00,SQL Injection,Médio,Escalado,123797.71,Sudeste,-24.6366,-43.8177,216,Web,Educação,53.3,43,192.79.43.168
234,2024-06-23 05:01:00,Zero-Day,Alto,Resolvido,9949.36,Nordeste,-8.441,-37.1415,2665,E-mail,Varejo,64.9,446,192.227.69.249
235,2024-06-30 09:58:00,Credential Stuffing,Alto,Em Andamento,22240.59,Centro-Oeste,-16.1901,-47.0613,734,Database,Educação,17.2,134,192.5.0.134
236,2024-05-03 09:00:00,DDoS,Alto,Resolvido,661467.01,Sudeste,-21.7734,-43.2484,4891,Mobile,Governo,13.9,288,192.127.83.184
237,2024-09-19 22:43:00,Zero-Day,Baixo,Resolvido,1737.27,Sudeste,-23.3666,-44.7626,4358,Web,Saúde,49.5,437,192.69.148.29
238,2023-06-05 01:34:00,Insider Threat,Médio,Resolvido,13191.83,Centro-Oeste,-15.848,-48.9761,3592,ERP,Governo,33.4,78,192.111.175.108
239,2023-12-05 02:53:00,Brute Force,Médio,Resolvido,40298.9,Nordeste,-8.3179,-33.1515,2184,Database,Saúde,33.4,241,192.128.195.213
240,2023-09-11 23:02:00,Ransomware,Crítico,Pendente,10611.45,Sul,-26.0912,-46.4502,770,Mobile,Indústria,152.6,243,192.159.165.41
241,2023-07-23 11:56:00,Ransomware,Médio,Resolvido,19194.7,Sudeste,-24.3801,-42.3689,2262,ERP,Financeiro,25.5,125,192.243.79.96
242,2024-10-02 01:03:00,Phishing,Alto,Resolvido,30995.64,Centro-Oeste,-16.7695,-45.0821,4394,Cloud,Varejo,35.6,120,192.177.224.188
243,2024-12-24 14:35:00,SQL Injection,Crítico,Resolvido,27296.68,Sul,-26.8958,-52.0631,1555,SCADA,Educação,25.8,166,192.82.35.136
244,2024-10-15 16:24:00,DDoS,Alto,Pendente,64909.89,Centro-Oeste,-16.5973,-50.8957,1957,Mobile,Saúde,14.5,496,192.254.78.157
245,2023-02-14 04:11:00,Brute Force,Alto,Em Andamento,115468.98,Sudeste,-25.3225,-42.2467,3977,E-mail,Financeiro,29.9,251,192.187.113.156
246,2024-04-24 20:03:00,Phishing,Crítico,Escalado,36074.73,Norte,-0.5296,-58.0075,3408,E-mail,Financeiro,24.2,428,192.110.49.26
247,2023-07-03 17:47:00,SQL Injection,Médio,Resolvido,35292.67,Centro-Oeste,-14.8587,-47.4798,4724,Mobile,Financeiro,12.8,341,192.85.92.141
248,2023-12-27 10:35:00,Zero-Day,Médio,Em Andamento,98529.32,Centro-Oeste,-12.8094,-48.2419,3046,Cloud,Varejo,13.3,423,192.123.109.97
249,2023-02-05 09:38:00,Credential Stuffing,Baixo,Resolvido,1246.72,Norte,-3.415,-60.6175,2261,Database,Financeiro,87.5,293,192.19.235.92
250,2023-11-04 02:36:00,DDoS,Crítico,Resolvido,8932.62,Centro-Oeste,-17.3009,-49.3625,633,SCADA,Telecomunicações,128.0,89,192.48.153.10
251,2024-03-02 03:55:00,Zero-Day,Crítico,Resolvido,999979.28,Nordeste,-9.0124,-32.9971,4935,ERP,Educação,25.5,269,192.76.167.129
252,2024-08-12 16:05:00,SQL Injection,Alto,Em Andamento,19684.47,Norte,-0.2738,-58.483,3231,ERP,Varejo,8.1,244,192.204.134.22
253,2023-07-22 15:25:00,Zero-Day,Médio,Pendente,32528.72,Sul,-23.8278,-49.4145,4295,Mobile,Educação,12.6,398,192.45.57.172
254,2023-11-09 05:22:00,Zero-Day,Alto,Resolvido,38325.46,Nordeste,-9.0329,-33.9675,368,Cloud,Saúde,51.9,351,192.43.57.190
255,2023-01-15 10:44:00,Ransomware,Alto,Em Andamento,108510.14,Sul,-23.1875,-47.3792,3860,E-mail,Varejo,21.8,268,192.247.72.178
256,2023-10-18 06:50:00,Ransomware,Alto,Escalado,76752.1,Centro-Oeste,-18.5391,-49.8781,3809,Cloud,Telecomunicações,15.5,437,192.55.9.75
257,2024-09-03 17:05:00,Zero-Day,Alto,Resolvido,12092.75,Sudeste,-20.4768,-43.292,3752,Network,Varejo,28.8,21,192.156.170.126
258,2024-05-28 08:51:00,Zero-Day,Médio,Resolvido,6537.75,Nordeste,-8.9677,-36.086,3172,Mobile,Indústria,12.9,460,192.70.44.187
259,2024-03-12 09:58:00,Zero-Day,Médio,Em Andamento,32656.45,Sul,-25.896,-48.8626,1080,Network,Telecomunicações,11.2,278,192.70.158.177
260,2023-06-11 10:04:00,Credential Stuffing,Baixo,Resolvido,65686.37,Sul,-24.4626,-48.9109,970,E-mail,Saúde,62.5,382,192.96.54.34
261,2023-08-25 19:14:00,DDoS,Crítico,Escalado,91668.76,Centro-Oeste,-17.1988,-47.4977,1508,Database,Saúde,65.9,71,192.115.16.105
262,2023-07-29 02:11:00,Ransomware,Baixo,Escalado,29079.56,Sul,-23.9458,-46.3705,2662,Mobile,Indústria,11.5,312,192.160.201.157
263,2023-02-13 07:33:00,Credential Stuffing,Médio,Pendente,2734295.31,Sudeste,-22.7761,-43.4903,322,ERP,Saúde,24.6,323,192.149.225.102
264,2023-02-25 22:33:00,Brute Force,Médio,Resolvido,103693.4,Sul,-25.8652,-48.6212,3701,Database,Governo,4.9,93,192.211.165.116
265,2023-11-28 22:41:00,Ransomware,Alto,Em Andamento,73575.64,Sul,-23.1047,-51.7589,936,Mobile,Indústria,52.8,44,192.81.193.141
266,2023-06-03 05:55:00,Zero-Day,Crítico,Resolvido,28984.31,Nordeste,-7.7071,-33.9428,3656,Database,Saúde,12.9,461,192.1.129.4
267,2023-08-11 18:42:00,Insider Threat,Médio,Resolvido,20236.28,Sudeste,-22.2521,-43.2392,651,Network,Financeiro,49.8,322,192.94.75.15
268,2023-03-31 01:06:00,Man-in-the-Middle,Crítico,Pendente,89446.89,Centro-Oeste,-13.7719,-49.1094,2330,Database,Governo,37.3,305,192.184.18.24
269,2023-03-08 09:30:00,Brute Force,Alto,Pendente,3750.13,Sudeste,-21.3493,-41.1401,2249,Network,Varejo,12.2,108,192.29.55.147
270,2023-10-22 13:38:00,Credential Stuffing,Baixo,Resolvido,17381.03,Centro-Oeste,-13.1966,-44.9823,4712,SCADA,Varejo,74.8,67,192.254.252.207
271,2023-01-25 14:40:00,DDoS,Baixo,Resolvido,67700.31,Nordeste,-5.2245,-37.8905,1699,Network,Financeiro,16.1,287,192.103.144.66
272,2023-12-08 10:25:00,Phishing,Alto,Resolvido,146696.66,Nordeste,-6.4978,-37.217,239,Cloud,Indústria,40.7,427,192.245.242.205
273,2023-12-10 14:50:00,Ransomware,Médio,Resolvido,3266.89,Norte,-0.7477,-59.7782,4629,ERP,Saúde,35.3,275,192.169.181.17
274,2024-08-07 19:24:00,DDoS,Alto,Resolvido,21256.71,Norte,-2.3409,-57.9456,2526,E-mail,Governo,33.6,17,192.44.254.225
275,2023-04-25 11:50:00,SQL Injection,Alto,Pendente,8066.18,Nordeste,-9.8032,-36.0861,3954,E-mail,Telecomunicações,11.8,448,192.167.73.197
276,2024-02-01 22:55:00,Phishing,Baixo,Escalado,6920.32,Sul,-27.1689,-52.0807,361,Cloud,Governo,44.3,45,192.23.52.134
277,2023-10-11 17:20:00,Brute Force,Crítico,Pendente,607420.86,Sul,-26.4747,-51.1447,2234,Web,Saúde,8.8,8,192.179.163.70
278,2024-09-19 10:34:00,DDoS,Baixo,Pendente,5782.97,Centro-Oeste,-17.331,-50.4725,3857,Database,Indústria,16.1,201,192.228.182.80
279,2024-04-21 18:08:00,Man-in-the-Middle,Baixo,Em Andamento,10393.34,Centro-Oeste,-18.3287,-45.3633,2543,SCADA,Saúde,59.9,239,192.114.73.221
280,2024-04-09 15:01:00,Brute Force,Baixo,Resolvido,4969.56,Nordeste,-6.3673,-32.6056,2313,Web,Governo,64.2,66,192.54.166.143
281,2023-09-07 17:10:00,Phishing,Médio,Resolvido,107285.06,Norte,-2.5568,-61.5685,2792,Mobile,Varejo,3.9,221,192.175.120.45
282,2023-11-30 17:06:00,Phishing,Médio,Em Andamento,49251.42,Norte,-5.4141,-59.4235,3325,Cloud,Governo,211.9,195,192.31.46.56
283,2024-04-08 17:18:00,DDoS,Baixo,Escalado,3863.85,Sudeste,-21.3575,-42.2347,1603,E-mail,Governo,3.8,348,192.176.45.150
284,2024-07-16 01:00:00,Ransomware,Médio,Resolvido,227636.39,Sul,-23.285,-51.9255,2943,Network,Governo,7.9,16,192.201.162.183
285,2023-07-12 17:24:00,Zero-Day,Alto,Resolvido,132985.71,Sul,-24.4251,-49.4508,3418,ERP,Saúde,28.1,37,192.249.223.250
286,2024-12-13 19:59:00,DDoS,Crítico,Em Andamento,91396.48,Norte,-0.9391,-57.6385,4174,Cloud,Saúde,9.7,197,192.95.217.155
287,2024-07-13 18:23:00,Ransomware,Médio,Pendente,20857.08,Sul,-24.1272,-50.6845,4754,E-mail,Governo,18.1,73,192.40.45.63
288,2024-08-16 09:39:00,Insider Threat,Médio,Em Andamento,5418.12,Sudeste,-21.7956,-42.9648,89,Cloud,Governo,18.0,241,192.180.150.75
289,2023-03-04 20:30:00,DDoS,Crítico,Escalado,160499.28,Nordeste,-6.7382,-34.5178,2391,SCADA,Financeiro,82.3,147,192.64.39.218
290,2023-04-25 19:11:00,Brute Force,Alto,Em Andamento,74089.06,Nordeste,-5.9528,-37.8148,1437,Database,Telecomunicações,5.1,249,192.16.175.252
291,2024-02-27 12:15:00,Phishing,Baixo,Em Andamento,22096.14,Sul,-23.3743,-47.7834,1371,ERP,Indústria,3.1,177,192.135.59.14
292,2024-06-29 07:24:00,DDoS,Médio,Resolvido,40920.34,Norte,-1.6231,-58.4854,2152,ERP,Financeiro,15.3,493,192.181.221.157
293,2024-04-17 21:47:00,Brute Force,Alto,Resolvido,8717.83,Sudeste,-24.3679,-42.6949,1597,Cloud,Varejo,22.3,93,192.5.4.213
294,2023-10-18 08:12:00,Phishing,Crítico,Resolvido,11635.65,Sudeste,-21.787,-44.0909,1777,Database,Governo,30.1,439,192.94.56.179
295,2023-10-11 13:44:00,DDoS,Alto,Resolvido,28547.9,Sudeste,-22.0673,-40.6638,607,Cloud,Financeiro,13.4,199,192.132.135.46
296,2024-05-18 03:09:00,Insider Threat,Crítico,Escalado,127581.41,Sul,-24.7382,-51.2293,871,ERP,Governo,23.6,229,192.76.0.239
297,2024-06-11 22:49:00,Ransomware,Médio,Resolvido,21289.64,Nordeste,-5.6723,-34.4522,575,SCADA,Financeiro,21.5,489,192.183.170.175
298,2023-12-15 02:53:00,Brute Force,Alto,Em Andamento,30862.54,Sudeste,-23.7079,-41.0799,1664,Mobile,Financeiro,15.7,357,192.183.249.22
299,2023-09-02 15:24:00,Insider Threat,Médio,Resolvido,3108.56,Sul,-28.2478,-46.3217,2521,SCADA,Financeiro,19.8,416,192.18.173.15
300,2024-06-19 14:43:00,Man-in-the-Middle,Médio,Resolvido,114057.7,Sudeste,-24.6299,-42.2769,4747,Database,Governo,12.3,377,192.9.241.233
301,2023-11-11 03:29:00,Ransomware,Alto,Em Andamento,176987.15,Sudeste,-24.8665,-45.9003,524,Network,Financeiro,37.0,255,192.103.218.87
302,2023-08-07 01:37:00,Zero-Day,Alto,Escalado,6459.35,Centro-Oeste,-15.5247,-48.9705,1377,Network,Varejo,42.7,225,192.20.68.26
303,2023-04-02 22:41:00,Zero-Day,Médio,Resolvido,28836.34,Norte,-5.6157,-62.9567,3900,E-mail,Varejo,30.4,328,192.230.210.62
304,2023-04-01 20:52:00,DDoS,Médio,Resolvido,53746.35,Sul,-24.0968,-48.6277,38,Web,Varejo,22.7,272,192.185.112.119
305,2024-04-30 15:11:00,SQL Injection,Alto,Resolvido,10395.89,Sul,-24.2885,-46.4886,1717,SCADA,Financeiro,17.0,413,192.53.26.237
306,2023-08-29 23:28:00,Credential Stuffing,Alto,Pendente,58471.48,Norte,-3.0106,-62.5748,1629,Web,Saúde,11.9,117,192.211.102.97
307,2024-09-16 14:11:00,SQL Injection,Crítico,Em Andamento,84192.12,Sudeste,-20.5571,-45.3304,1591,ERP,Educação,11.2,355,192.69.56.219
308,2023-06-10 20:39:00,Insider Threat,Médio,Resolvido,159387.29,Nordeste,-9.7809,-36.129,4529,SCADA,Telecomunicações,66.6,111,192.236.142.4
309,2024-08-28 04:58:00,Zero-Day,Médio,Resolvido,25655.09,Nordeste,-8.4945,-36.5656,363,ERP,Governo,4.5,394,192.201.245.208
310,2024-02-21 06:08:00,Phishing,Médio,Resolvido,15016.91,Centro-Oeste,-14.2815,-46.741,744,ERP,Governo,6.9,293,192.237.70.224
311,2024-10-04 02:24:00,Zero-Day,Alto,Pendente,148341.9,Norte,-1.8766,-62.9918,268,Network,Telecomunicações,4.9,358,192.41.171.189
312,2024-01-10 14:39:00,Ransomware,Médio,Escalado,4955.11,Nordeste,-5.7721,-37.2342,4578,Network,Saúde,44.7,397,192.171.122.139
313,2023-08-19 10:22:00,Phishing,Médio,Em Andamento,114710.32,Centro-Oeste,-13.5732,-46.6829,3465,SCADA,Governo,13.4,177,192.62.240.182
314,2024-11-20 22:51:00,Credential Stuffing,Médio,Resolvido,5462.63,Nordeste,-8.3881,-35.6911,1465,Database,Governo,8.0,357,192.77.104.134
315,2024-03-06 14:47:00,Ransomware,Alto,Escalado,67074.25,Centro-Oeste,-13.2097,-48.0566,516,Mobile,Varejo,66.4,172,192.175.167.125
316,2023-11-10 05:50:00,Credential Stuffing,Baixo,Resolvido,2535.39,Nordeste,-7.6965,-32.5103,2361,Database,Indústria,12.6,86,192.146.93.250
317,2023-11-21 18:08:00,DDoS,Baixo,Em Andamento,5447.82,Sul,-27.4325,-51.5985,1681,Cloud,Saúde,22.4,163,192.190.229.139
318,2023-05-29 14:59:00,DDoS,Médio,Resolvido,6773.69,Sudeste,-23.4726,-43.2035,3883,SCADA,Educação,83.8,374,192.57.245.231
319,2023-08-14 14:22:00,Ransomware,Crítico,Em Andamento,221413.79,Nordeste,-10.9512,-34.1949,1820,ERP,Financeiro,159.5,101,192.228.44.250
320,2024-11-13 11:25:00,Credential Stuffing,Alto,Resolvido,28716.23,Centro-Oeste,-15.1695,-45.2396,2332,Web,Saúde,13.7,229,192.227.212.206
321,2024-08-24 19:05:00,Insider Threat,Alto,Pendente,15371.4,Norte,-1.7284,-60.5148,4304,E-mail,Governo,6.1,469,192.89.236.182
322,2023-11-06 18:19:00,DDoS,Alto,Pendente,42043.57,Nordeste,-7.7768,-37.6466,1840,E-mail,Governo,59.6,335,192.91.251.233
323,2024-01-06 18:30:00,SQL Injection,Crítico,Pendente,307062.65,Norte,-0.134,-62.5997,3900,E-mail,Saúde,8.9,9,192.29.74.82
324,2024-10-13 11:03:00,Insider Threat,Baixo,Resolvido,2634.22,Sul,-28.0827,-50.133,630,Web,Varejo,22.2,94,192.85.165.224
325,2024-01-07 03:34:00,Man-in-the-Middle,Baixo,Em Andamento,16792.44,Nordeste,-9.4712,-33.7122,106,SCADA,Governo,8.4,399,192.174.83.27
326,2024-12-07 16:54:00,SQL Injection,Alto,Resolvido,51038.75,Sul,-23.6294,-48.9481,934,Database,Financeiro,3.7,60,192.245.178.80
327,2023-06-26 22:19:00,Man-in-the-Middle,Crítico,Resolvido,42510.35,Centro-Oeste,-15.6613,-45.0793,1027,Web,Financeiro,11.7,58,192.247.220.11
328,2023-09-17 01:04:00,SQL Injection,Crítico,Pendente,183060.24,Centro-Oeste,-15.2409,-48.0855,1639,Database,Telecomunicações,8.7,47,192.142.178.91
329,2023-04-12 18:48:00,DDoS,Baixo,Pendente,2729.34,Centro-Oeste,-17.3491,-47.4786,4401,Database,Governo,63.3,358,192.54.92.214
330,2023-11-18 03:29:00,Man-in-the-Middle,Baixo,Resolvido,41135.0,Centro-Oeste,-17.4347,-50.2229,4565,Web,Governo,30.4,253,192.145.233.154
331,2024-03-14 06:54:00,Brute Force,Médio,Pendente,18843.95,Sul,-25.0765,-50.5565,1469,Web,Financeiro,32.8,268,192.73.202.103
332,2023-12-13 06:38:00,Phishing,Médio,Pendente,72321.95,Sul,-28.0117,-46.4488,1908,E-mail,Telecomunicações,165.8,143,192.204.182.122
333,2023-09-14 15:31:00,Zero-Day,Baixo,Resolvido,25615.62,Sul,-23.792,-51.6518,220,Cloud,Saúde,74.6,348,192.155.49.195
334,2024-11-08 15:31:00,Phishing,Médio,Resolvido,22506.79,Norte,-1.3436,-61.7884,4429,Mobile,Financeiro,108.5,17,192.196.230.81
335,2023-11-07 22:10:00,Zero-Day,Alto,Resolvido,43169.15,Sul,-25.06,-47.1378,3188,SCADA,Indústria,19.6,346,192.240.243.144
336,2024-11-23 11:49:00,DDoS,Médio,Resolvido,93663.95,Norte,-2.5537,-60.7332,231,Cloud,Telecomunicações,24.0,188,192.13.174.98
337,2023-09-11 07:41:00,Phishing,Alto,Escalado,28866.07,Norte,-3.9924,-59.0326,537,SCADA,Indústria,5.9,20,192.216.215.69
338,2024-08-09 03:51:00,Ransomware,Médio,Em Andamento,20383.41,Nordeste,-8.8336,-35.5582,1687,Cloud,Saúde,11.4,392,192.153.186.249
339,2023-10-22 08:03:00,Zero-Day,Alto,Em Andamento,16560.97,Sudeste,-20.8577,-42.985,1851,Cloud,Educação,48.7,304,192.34.243.110
340,2024-11-10 17:20:00,SQL Injection,Alto,Resolvido,15679.87,Nordeste,-8.0722,-36.1005,4222,ERP,Indústria,14.3,93,192.95.255.55
341,2024-08-02 23:40:00,Insider Threat,Alto,Em Andamento,14181.25,Centro-Oeste,-13.6834,-45.459,3789,E-mail,Telecomunicações,9.9,351,192.222.210.82
342,2023-09-20 21:38:00,Phishing,Médio,Pendente,10793.19,Nordeste,-6.1577,-34.0237,1229,E-mail,Governo,10.0,424,192.248.223.109
343,2024-11-05 17:11:00,Ransomware,Alto,Resolvido,60071.66,Sudeste,-24.3496,-41.3788,3981,Web,Governo,54.1,153,192.186.46.102
344,2024-08-17 16:16:00,DDoS,Alto,Em Andamento,43700.58,Centro-Oeste,-13.2024,-47.7683,4914,Network,Governo,9.9,200,192.111.73.28
345,2024-05-17 17:23:00,DDoS,Alto,Resolvido,70011.77,Norte,-4.5742,-59.4631,4471,E-mail,Telecomunicações,13.3,494,192.74.185.122
346,2023-02-25 22:58:00,Man-in-the-Middle,Baixo,Resolvido,14443.24,Centro-Oeste,-18.5911,-46.4633,4528,Cloud,Telecomunicações,11.6,359,192.62.121.220
347,2023-11-05 02:59:00,Insider Threat,Alto,Escalado,105038.73,Norte,-0.535,-57.4924,1724,Cloud,Telecomunicações,41.9,225,192.208.17.71
348,2023-12-07 22:27:00,Phishing,Baixo,Escalado,60530.1,Norte,-1.6783,-57.441,4148,Cloud,Governo,5.6,374,192.14.26.165
349,2023-11-09 10:36:00,DDoS,Médio,Pendente,66878.2,Sul,-28.3815,-51.0995,1066,Cloud,Governo,133.5,406,192.244.68.67
350,2023-07-06 12:56:00,DDoS,Médio,Pendente,4780.72,Nordeste,-9.908,-35.413,4673,SCADA,Saúde,206.8,499,192.134.86.13
351,2024-08-03 03:00:00,Zero-Day,Médio,Em Andamento,48857.06,Sul,-27.8656,-50.0925,3717,Network,Saúde,60.9,115,192.136.147.192
352,2023-10-17 23:43:00,Insider Threat,Alto,Resolvido,20189.8,Sul,-24.7995,-46.3288,1196,Cloud,Varejo,8.8,128,192.234.43.3
353,2024-12-26 13:47:00,Insider Threat,Crítico,Resolvido,136666.45,Norte,-1.9789,-58.72,4563,SCADA,Educação,6.5,121,192.23.2.65
354,2024-07-26 01:37:00,Credential Stuffing,Médio,Resolvido,9945.55,Norte,-2.0724,-62.2066,4038,Mobile,Saúde,8.0,272,192.133.59.81
355,2023-10-17 08:39:00,Ransomware,Baixo,Resolvido,7030.08,Nordeste,-6.6131,-32.3426,1352,SCADA,Financeiro,34.2,437,192.96.76.14
356,2024-05-21 01:28:00,SQL Injection,Alto,Resolvido,15962.86,Sul,-24.1642,-49.6814,3975,Database,Financeiro,18.5,369,192.178.47.53
357,2024-11-10 18:13:00,Brute Force,Alto,Resolvido,49907.42,Centro-Oeste,-13.8646,-47.5205,3412,Web,Educação,52.3,256,192.13.145.175
358,2023-03-25 14:53:00,Phishing,Alto,Em Andamento,100228.72,Sudeste,-20.8781,-45.2773,2207,Database,Saúde,63.2,375,192.24.144.83
359,2023-07-02 07:49:00,Ransomware,Médio,Resolvido,52393.96,Centro-Oeste,-16.5117,-48.5068,3297,Database,Financeiro,4.5,335,192.152.251.206
360,2024-01-12 16:12:00,Zero-Day,Médio,Escalado,18280.14,Centro-Oeste,-18.0123,-46.9069,3903,Mobile,Telecomunicações,7.4,47,192.188.95.112
361,2024-12-31 04:59:00,Zero-Day,Crítico,Resolvido,107306.28,Norte,-2.0414,-59.1143,4299,SCADA,Educação,5.2,41,192.76.65.176
362,2023-02-16 16:06:00,Brute Force,Baixo,Resolvido,6859.46,Nordeste,-7.6888,-34.594,3807,Cloud,Educação,38.1,130,192.41.8.30
363,2024-12-22 09:20:00,Insider Threat,Alto,Resolvido,61240.2,Norte,-5.8284,-60.5025,3686,Database,Saúde,26.8,495,192.94.40.192
364,2023-01-14 05:41:00,Brute Force,Baixo,Resolvido,5671.42,Centro-Oeste,-18.6925,-48.5304,4931,Cloud,Indústria,35.0,417,192.202.154.23
365,2023-01-28 06:30:00,DDoS,Crítico,Resolvido,263804.1,Sudeste,-21.7238,-45.0707,3570,SCADA,Saúde,21.6,395,192.242.216.6
366,2024-04-05 18:15:00,Phishing,Alto,Resolvido,10563.82,Norte,-0.3168,-60.1711,3210,SCADA,Indústria,43.8,213,192.148.18.125
367,2024-05-14 07:45:00,Zero-Day,Médio,Em Andamento,31321.9,Centro-Oeste,-13.1883,-45.4696,2195,Web,Governo,63.8,243,192.177.229.179
368,2024-06-03 07:37:00,Zero-Day,Crítico,Resolvido,393859.76,Sul,-25.5846,-49.6713,4933,Database,Educação,168.9,240,192.199.213.214
369,2023-03-30 21:30:00,Man-in-the-Middle,Médio,Pendente,8485.99,Sul,-24.6689,-50.6053,4963,SCADA,Educação,18.8,483,192.120.107.143
370,2024-05-30 01:51:00,Ransomware,Baixo,Resolvido,1364.34,Nordeste,-8.9577,-36.9484,1858,Cloud,Telecomunicações,8.7,133,192.181.23.198
371,2023-02-21 14:51:00,Credential Stuffing,Alto,Resolvido,25237.2,Centro-Oeste,-15.1743,-50.2751,909,ERP,Varejo,75.8,53,192.53.85.162
372,2024-06-02 15:46:00,Phishing,Baixo,Escalado,16283.2,Sul,-24.0299,-48.051,2980,Network,Governo,14.5,435,192.212.3.63
373,2024-02-29 11:40:00,Insider Threat,Alto,Resolvido,65743.21,Sudeste,-24.3039,-41.9088,4339,Mobile,Governo,16.9,411,192.209.234.244
374,2024-06-13 02:05:00,Credential Stuffing,Médio,Resolvido,12628.1,Sudeste,-23.2445,-41.5791,1347,Database,Varejo,16.7,19,192.29.151.108
375,2023-12-19 00:52:00,Zero-Day,Baixo,Em Andamento,2529.97,Nordeste,-6.7707,-36.0178,1204,SCADA,Indústria,37.4,106,192.176.207.199
376,2023-05-10 16:34:00,SQL Injection,Baixo,Resolvido,4046.88,Centro-Oeste,-16.793,-46.5494,4521,Database,Financeiro,12.3,326,192.14.132.62
377,2023-09-23 20:32:00,Brute Force,Médio,Escalado,16081.05,Sudeste,-21.5081,-41.1505,1022,SCADA,Educação,16.4,3,192.120.119.90
378,2024-06-16 23:15:00,Brute Force,Alto,Pendente,8204.68,Centro-Oeste,-14.7654,-46.6139,1578,Database,Indústria,47.8,51,192.217.210.21
379,2024-11-24 16:25:00,Phishing,Crítico,Pendente,160660.87,Norte,-4.8113,-62.5316,3235,Mobile,Governo,93.2,326,192.250.213.211
380,2024-06-25 03:44:00,DDoS,Crítico,Resolvido,35816.66,Norte,-5.3237,-58.7729,1285,Web,Varejo,67.2,488,192.209.56.31
381,2024-01-19 09:18:00,Man-in-the-Middle,Médio,Resolvido,19172.5,Sul,-27.6935,-50.4705,1165,E-mail,Educação,46.6,480,192.110.93.210
382,2024-08-09 09:36:00,Insider Threat,Crítico,Resolvido,94975.6,Sudeste,-20.6774,-43.6945,3091,Database,Telecomunicações,17.3,311,192.70.235.195
383,2024-09-30 13:24:00,Insider Threat,Médio,Resolvido,8868.65,Nordeste,-10.5641,-34.1514,4432,Database,Indústria,17.5,46,192.12.158.144
384,2024-08-06 16:12:00,Phishing,Médio,Resolvido,62136.56,Centro-Oeste,-15.549,-46.3543,153,SCADA,Financeiro,38.5,362,192.164.205.151
385,2024-06-24 10:24:00,Ransomware,Médio,Escalado,12523.83,Nordeste,-8.4779,-35.4104,814,E-mail,Telecomunicações,22.2,94,192.45.78.79
386,2023-11-02 12:06:00,Zero-Day,Médio,Resolvido,11720.19,Nordeste,-10.0113,-33.6202,2656,SCADA,Varejo,6.6,122,192.197.58.69
387,2023-08-28 00:17:00,Ransomware,Alto,Em Andamento,57650.32,Sudeste,-22.995,-43.755,832,Database,Educação,7.6,403,192.208.228.22
388,2023-09-09 17:27:00,Credential Stuffing,Alto,Escalado,372561.77,Nordeste,-7.8574,-36.8909,343,Database,Financeiro,44.5,498,192.30.246.70
389,2024-06-06 09:02:00,Brute Force,Baixo,Resolvido,1480.29,Nordeste,-6.0454,-36.6235,573,Database,Indústria,11.4,63,192.143.221.54
390,2024-12-25 14:17:00,Credential Stuffing,Baixo,Resolvido,3613.74,Nordeste,-7.289,-32.0222,4912,Mobile,Varejo,27.5,251,192.41.39.138
391,2024-01-21 19:22:00,Ransomware,Baixo,Pendente,1551.0,Norte,-2.0665,-60.882,70,SCADA,Financeiro,7.2,99,192.113.10.195
392,2023-11-07 22:14:00,Brute Force,Médio,Em Andamento,7474.49,Sul,-27.8602,-48.6193,2974,Network,Financeiro,4.2,361,192.100.202.29
393,2024-11-19 21:38:00,Brute Force,Médio,Resolvido,25424.73,Centro-Oeste,-17.6374,-46.4671,1051,Network,Varejo,32.6,478,192.140.98.218
394,2024-04-09 00:27:00,Ransomware,Baixo,Em Andamento,1543.11,Centro-Oeste,-15.1133,-46.8159,3823,Network,Financeiro,19.8,23,192.142.215.137
395,2023-01-26 23:14:00,Insider Threat,Alto,Resolvido,243126.12,Nordeste,-10.6091,-34.4691,610,E-mail,Financeiro,48.9,169,192.49.14.123
396,2024-04-29 07:21:00,Zero-Day,Baixo,Em Andamento,6968.07,Nordeste,-6.057,-36.4171,598,Web,Indústria,69.6,392,192.228.63.22
397,2024-03-28 01:19:00,Ransomware,Baixo,Resolvido,9870.14,Sudeste,-21.2041,-45.828,835,Mobile,Governo,40.1,151,192.49.210.60
398,2023-12-14 20:43:00,Ransomware,Médio,Resolvido,64016.96,Norte,-0.8204,-59.2846,2689,Web,Varejo,23.8,7,192.99.64.164
399,2023-02-15 01:08:00,Credential Stuffing,Alto,Resolvido,22156.92,Centro-Oeste,-16.1323,-49.4411,2931,Database,Saúde,1.2,398,192.240.158.155
400,2023-02-28 07:32:00,Man-in-the-Middle,Alto,Escalado,195761.35,Centro-Oeste,-15.2814,-46.8302,448,Network,Telecomunicações,17.0,103,192.35.174.49
